<?xml version="1.0" encoding="UTF-8"?>
<project-private xmlns="http://www.netbeans.org/ns/project-private/1">
    <editor-bookmarks xmlns="http://www.netbeans.org/ns/editor-bookmarks/2" lastBookmarkId="0"/>
    <open-files xmlns="http://www.netbeans.org/ns/projectui-open-files/2">
        <group>
            <file>file:/C:/Users/user/Documents/NetBeansProjects/Tugas/src/Test_Modifier/Test_Modifier.java</file>
            <file>file:/C:/Users/user/Documents/NetBeansProjects/Tugas/src/Lingkaran/Lingkaran.java</file>
            <file>file:/C:/Users/user/Documents/NetBeansProjects/Tugas/src/Test_Modifier/Modifier.java</file>
            <file>file:/C:/Users/user/Documents/NetBeansProjects/Tugas/src/Mahasiswa/Mahasiswa.java</file>
            <file>file:/C:/Users/user/Documents/NetBeansProjects/Tugas/src/Lingkaran/Test.java</file>
            <file>file:/C:/Users/user/Documents/NetBeansProjects/Tugas/src/Mahasiswa/Test.java</file>
        </group>
    </open-files>
</project-private>
